,RMSE,BIAS,CC
Sim0,406.87984553076046,-98.99350807910326,-0.3940144823215498
Sim1,508.1882662560511,-194.16274807910327,-0.41858156968414956
